<?xml version="1.0" encoding="UTF-8"?>
<!DOCTYPE mapper PUBLIC "-//mybatis.org//DTD Mapper 3.0//EN"
        "http://mybatis.org/dtd/mybatis-3-mapper.dtd">
<mapper namespace="org.example.domain.StudentsMapper">
    <resultMap id="studentResultMap" type="org.example.domain.Student">
        <id property="id" column="id" />
        <result property="name" column="name" />
        <result property="dateOfBirth" column="date_of_birth" />
        <result property="email" column="email" />
        <result property="phoneNumber" column="phone_number" />
        <result property="address" column="address" />
    </resultMap>

    <!-- 查询所有学生 -->
    <select id="selectStudents" resultMap="studentResultMap">
        SELECT * FROM STUDENTS
    </select>

    <!-- 根据学生ID查询学生信息 -->
    <select id="getStudentById" parameterType="int" resultType="org.example.domain.Student">
        SELECT id, name, date_of_birth, email, phone_number, address
        FROM students
        WHERE id = #{id}
    </select>
    <select id="getAllStudents" resultType="org.example.domain.Student"></select>

    <!-- 插入一条学生记录 -->
    <insert id="insertStudent" parameterType="org.example.domain.Student">
        INSERT INTO students (name, date_of_birth, email, phone_number, address)
        VALUES (#{name}, #{dateOfBirth}, #{email}, #{phoneNumber}, #{address})
    </insert>

    <!-- 更新学生信息 -->
    <update id="updateStudent" parameterType="org.example.domain.Student">
        UPDATE students
        SET name = #{name}, date_of_birth = #{dateOfBirth},
            email = #{email}, phone_number = #{phoneNumber}, address = #{address}
        WHERE id = #{id}
    </update>

    <!-- 根据学生ID删除学生记录 -->
    <delete id="deleteStudentById" parameterType="int">
        DELETE FROM students
        WHERE id = #{id}
    </delete>

</mapper>